INSERT INTO USERS (ID, USERNAME, PASSWORD, ROLE) VALUES (-1, 'admin', 'PBKDF2WithHmacSHA256:2048:McY8GmR3k1PjMwJQE97wYxbdCuJ2f7bBfwiNlOMT2Bc=:qnB+F68kaLGTITEiYfg8s+7+L1/5AKbiWgkKC4g2VKE=', 'ADMIN');
INSERT INTO USERS (ID, USERNAME, PASSWORD, ROLE) VALUES (-2, 'user1', 'PBKDF2WithHmacSHA256:2048:McY8GmR3k1PjMwJQE97wYxbdCuJ2f7bBfwiNlOMT2Bc=:qnB+F68kaLGTITEiYfg8s+7+L1/5AKbiWgkKC4g2VKE=', 'USER');
INSERT INTO USERS (ID, USERNAME, PASSWORD, ROLE) VALUES (-3, 'user2', 'PBKDF2WithHmacSHA256:2048:McY8GmR3k1PjMwJQE97wYxbdCuJ2f7bBfwiNlOMT2Bc=:qnB+F68kaLGTITEiYfg8s+7+L1/5AKbiWgkKC4g2VKE=', 'ADMIN');
INSERT INTO EVENTS (ID, EVENTNAME, DATE, VOTEDEADLINEDATE) VALUES (-1, 'C.T.Co Garden Party 2018', '2018-08-21', '2018-08-30');
INSERT INTO EVENTS (ID, EVENTNAME, DATE, VOTEDEADLINEDATE) VALUES (-2, 'Fathers day', '2018-08-29', '2018-09-30');
INSERT INTO EVENT_VOTE (ID, EVENT_ID, USER_ID, MOOD) VALUES (-1, -1, -2, 'EMPTY');
INSERT INTO EVENT_VOTE (ID, EVENT_ID, USER_ID, MOOD) VALUES (-2, -2, -2, 'EMPTY');
INSERT INTO EVENT_VOTE (ID, EVENT_ID, USER_ID, MOOD) VALUES (-3, -1, -3, 'EMPTY');
INSERT INTO EVENT_VOTE (ID, EVENT_ID, USER_ID, MOOD) VALUES (-4, -2, -3, 'HAPPY');

INSERT INTO DAILY_VOTE (ID, USER_ID, DATE, MOOD, COMMENT ) VALUES (-1, -1, '2018-08-28', 'HAPPY', 'All goood! :)');
INSERT INTO DAILY_VOTE (ID, USER_ID, DATE, MOOD, COMMENT ) VALUES (-2, -2, '2018-08-28', 'NEUTRAL', '');
INSERT INTO DAILY_VOTE (ID, USER_ID, DATE, MOOD, COMMENT ) VALUES (-3, -3, '2018-08-29', 'SAD', 'Forgot my food at home');
INSERT INTO DAILY_VOTE (ID, USER_ID, DATE, MOOD, COMMENT ) VALUES (-4, -1, '2018-08-30', 'HAPPY', '');

INSERT INTO DAILY_VOTE (ID, USER_ID, DATE, MOOD, COMMENT ) VALUES (-5, -1, '2018-08-13', 'HAPPY', 'Comment 1)');
INSERT INTO DAILY_VOTE (ID, USER_ID, DATE, MOOD, COMMENT ) VALUES (-6, -2, '2018-08-14', 'NEUTRAL', 'Comment 2');
INSERT INTO DAILY_VOTE (ID, USER_ID, DATE, MOOD, COMMENT ) VALUES (-7, -3, '2018-08-15', 'HAPPY', 'Comment 3');
INSERT INTO DAILY_VOTE (ID, USER_ID, DATE, MOOD, COMMENT ) VALUES (-8, -1, '2018-08-16', 'HAPPY', 'Comment 4');

INSERT INTO DAILY_VOTE (ID, USER_ID, DATE, MOOD, COMMENT ) VALUES (-9, -1, '2018-08-08', 'HAPPY', 'Comment 5');
INSERT INTO DAILY_VOTE (ID, USER_ID, DATE, MOOD, COMMENT ) VALUES (-10, -1, '2018-08-09', 'NEUTRAL', 'Comment 6');
INSERT INTO DAILY_VOTE (ID, USER_ID, DATE, MOOD, COMMENT ) VALUES (-11, -2, '2018-08-10', 'NEUTRAL', 'Comment 7');
INSERT INTO DAILY_VOTE (ID, USER_ID, DATE, MOOD, COMMENT ) VALUES (-12, -3, '2018-08-11', 'SAD', 'Comment 8');
INSERT INTO DAILY_VOTE (ID, USER_ID, DATE, MOOD, COMMENT ) VALUES (-13, -1, '2018-08-12', 'NEUTRAL', 'Comment 9');
